id,ignored,path,content,amountOfKgrams,ast,mapping,extra
0,false,/tmp/dolos-unzip-XXXXXXpfBjfp/studentA_X.py,"names = [""Alice"", ""Bob"", ""Charlie""]

for name in names:
    print(name)

sentence = ""Hello, this is a sentence.""

no_spaces = sentence.replace("" "", """")

print(no_spaces)

sentence = ""Hello, this is a sentence.""

num_spaces = sentence.count("" "")

print(f""There are {num_spaces} spaces in the sentence."")


def is_palindrome(word):
    if word == word[::-1]:
        print(f""The word {word} is a palindrome."")
    else:
        print(f""The word {word} is not a palindrome."")


is_palindrome(""redivider"")
",46,"[""("",""module"",""("",""expression_statement"",""("",""assignment"",""("",""identifier"","")"",""("",""list"",""("",""string"",""("",""string_start"","")"",""("",""string_content"","")"",""("",""string_end"","")"","")"",""("",""string"",""("",""string_start"","")"",""("",""string_content"","")"",""("",""string_end"","")"","")"",""("",""string"",""("",""string_start"","")"",""("",""string_content"","")"",""("",""string_end"","")"","")"","")"","")"","")"",""("",""for_statement"",""("",""identifier"","")"",""("",""identifier"","")"",""("",""block"",""("",""expression_statement"",""("",""call"",""("",""identifier"","")"",""("",""argument_list"",""("",""identifier"","")"","")"","")"","")"","")"","")"",""("",""expression_statement"",""("",""assignment"",""("",""identifier"","")"",""("",""string"",""("",""string_start"","")"",""("",""string_content"","")"",""("",""string_end"","")"","")"","")"","")"",""("",""expression_statement"",""("",""assignment"",""("",""identifier"","")"",""("",""call"",""("",""attribute"",""("",""identifier"","")"",""("",""identifier"","")"","")"",""("",""argument_list"",""("",""string"",""("",""string_start"","")"",""("",""string_content"","")"",""("",""string_end"","")"","")"",""("",""string"",""("",""string_start"","")"",""("",""string_end"","")"","")"","")"","")"","")"","")"",""("",""expression_statement"",""("",""call"",""("",""identifier"","")"",""("",""argument_list"",""("",""identifier"","")"","")"","")"","")"",""("",""expression_statement"",""("",""assignment"",""("",""identifier"","")"",""("",""string"",""("",""string_start"","")"",""("",""string_content"","")"",""("",""string_end"","")"","")"","")"","")"",""("",""expression_statement"",""("",""assignment"",""("",""identifier"","")"",""("",""call"",""("",""attribute"",""("",""identifier"","")"",""("",""identifier"","")"","")"",""("",""argument_list"",""("",""string"",""("",""string_start"","")"",""("",""string_content"","")"",""("",""string_end"","")"","")"","")"","")"","")"","")"",""("",""expression_statement"",""("",""call"",""("",""identifier"","")"",""("",""argument_list"",""("",""string"",""("",""string_start"","")"",""("",""string_content"","")"",""("",""interpolation"",""("",""identifier"","")"","")"",""("",""string_content"","")"",""("",""string_end"","")"","")"","")"","")"","")"",""("",""function_definition"",""("",""identifier"","")"",""("",""parameters"",""("",""identifier"","")"","")"",""("",""block"",""("",""if_statement"",""("",""comparison_operator"",""("",""identifier"","")"",""("",""subscript"",""("",""identifier"","")"",""("",""slice"",""("",""unary_operator"",""("",""integer"","")"","")"","")"","")"","")"",""("",""block"",""("",""expression_statement"",""("",""call"",""("",""identifier"","")"",""("",""argument_list"",""("",""string"",""("",""string_start"","")"",""("",""string_content"","")"",""("",""interpolation"",""("",""identifier"","")"","")"",""("",""string_content"","")"",""("",""string_end"","")"","")"","")"","")"","")"","")"",""("",""else_clause"",""("",""block"",""("",""expression_statement"",""("",""call"",""("",""identifier"","")"",""("",""argument_list"",""("",""string"",""("",""string_start"","")"",""("",""string_content"","")"",""("",""interpolation"",""("",""identifier"","")"","")"",""("",""string_content"","")"",""("",""string_end"","")"","")"","")"","")"","")"","")"","")"","")"","")"","")"",""("",""expression_statement"",""("",""call"",""("",""identifier"","")"",""("",""argument_list"",""("",""string"",""("",""string_start"","")"",""("",""string_content"","")"",""("",""string_end"","")"","")"","")"","")"","")"","")""]","[{""startRow"":0,""startCol"":0,""endRow"":0,""endCol"":0},{""startRow"":0,""startCol"":0,""endRow"":0,""endCol"":0},{""startRow"":0,""startCol"":0,""endRow"":0,""endCol"":0},{""startRow"":0,""startCol"":0,""endRow"":0,""endCol"":0},{""startRow"":0,""startCol"":0,""endRow"":0,""endCol"":8},{""startRow"":0,""startCol"":0,""endRow"":0,""endCol"":8},{""startRow"":0,""startCol"":0,""endRow"":0,""endCol"":5},{""startRow"":0,""startCol"":0,""endRow"":0,""endCol"":5},{""startRow"":0,""startCol"":0,""endRow"":0,""endCol"":5},{""startRow"":0,""startCol"":8,""endRow"":0,""endCol"":9},{""startRow"":0,""startCol"":8,""endRow"":0,""endCol"":9},{""startRow"":0,""startCol"":9,""endRow"":0,""endCol"":16},{""startRow"":0,""startCol"":9,""endRow"":0,""endCol"":16},{""startRow"":0,""startCol"":9,""endRow"":0,""endCol"":10},{""startRow"":0,""startCol"":9,""endRow"":0,""endCol"":10},{""startRow"":0,""startCol"":9,""endRow"":0,""endCol"":10},{""startRow"":0,""startCol"":10,""endRow"":0,""endCol"":15},{""startRow"":0,""startCol"":10,""endRow"":0,""endCol"":15},{""startRow"":0,""startCol"":10,""endRow"":0,""endCol"":15},{""startRow"":0,""startCol"":15,""endRow"":0,""endCol"":16},{""startRow"":0,""startCol"":15,""endRow"":0,""endCol"":16},{""startRow"":0,""startCol"":15,""endRow"":0,""endCol"":16},{""startRow"":0,""startCol"":9,""endRow"":0,""endCol"":16},{""startRow"":0,""startCol"":18,""endRow"":0,""endCol"":23},{""startRow"":0,""startCol"":18,""endRow"":0,""endCol"":23},{""startRow"":0,""startCol"":18,""endRow"":0,""endCol"":19},{""startRow"":0,""startCol"":18,""endRow"":0,""endCol"":19},{""startRow"":0,""startCol"":18,""endRow"":0,""endCol"":19},{""startRow"":0,""startCol"":19,""endRow"":0,""endCol"":22},{""startRow"":0,""startCol"":19,""endRow"":0,""endCol"":22},{""startRow"":0,""startCol"":19,""endRow"":0,""endCol"":22},{""startRow"":0,""startCol"":22,""endRow"":0,""endCol"":23},{""startRow"":0,""startCol"":22,""endRow"":0,""endCol"":23},{""startRow"":0,""startCol"":22,""endRow"":0,""endCol"":23},{""startRow"":0,""startCol"":18,""endRow"":0,""endCol"":23},{""startRow"":0,""startCol"":25,""endRow"":0,""endCol"":34},{""startRow"":0,""startCol"":25,""endRow"":0,""endCol"":34},{""startRow"":0,""startCol"":25,""endRow"":0,""endCol"":26},{""startRow"":0,""startCol"":25,""endRow"":0,""endCol"":26},{""startRow"":0,""startCol"":25,""endRow"":0,""endCol"":26},{""startRow"":0,""startCol"":26,""endRow"":0,""endCol"":33},{""startRow"":0,""startCol"":26,""endRow"":0,""endCol"":33},{""startRow"":0,""startCol"":26,""endRow"":0,""endCol"":33},{""startRow"":0,""startCol"":33,""endRow"":0,""endCol"":34},{""startRow"":0,""startCol"":33,""endRow"":0,""endCol"":34},{""startRow"":0,""startCol"":33,""endRow"":0,""endCol"":34},{""startRow"":0,""startCol"":25,""endRow"":0,""endCol"":34},{""startRow"":0,""startCol"":8,""endRow"":0,""endCol"":9},{""startRow"":0,""startCol"":0,""endRow"":0,""endCol"":8},{""startRow"":0,""startCol"":0,""endRow"":0,""endCol"":0},{""startRow"":2,""startCol"":0,""endRow"":3,""endCol"":4},{""startRow"":2,""startCol"":0,""endRow"":3,""endCol"":4},{""startRow"":2,""startCol"":4,""endRow"":2,""endCol"":8},{""startRow"":2,""startCol"":4,""endRow"":2,""endCol"":8},{""startRow"":2,""startCol"":4,""endRow"":2,""endCol"":8},{""startRow"":2,""startCol"":12,""endRow"":2,""endCol"":17},{""startRow"":2,""startCol"":12,""endRow"":2,""endCol"":17},{""startRow"":2,""startCol"":12,""endRow"":2,""endCol"":17},{""startRow"":3,""startCol"":4,""endRow"":3,""endCol"":4},{""startRow"":3,""startCol"":4,""endRow"":3,""endCol"":4},{""startRow"":3,""startCol"":4,""endRow"":3,""endCol"":4},{""startRow"":3,""startCol"":4,""endRow"":3,""endCol"":4},{""startRow"":3,""startCol"":4,""endRow"":3,""endCol"":9},{""startRow"":3,""startCol"":4,""endRow"":3,""endCol"":9},{""startRow"":3,""startCol"":4,""endRow"":3,""endCol"":9},{""startRow"":3,""startCol"":4,""endRow"":3,""endCol"":9},{""startRow"":3,""startCol"":4,""endRow"":3,""endCol"":9},{""startRow"":3,""startCol"":9,""endRow"":3,""endCol"":15},{""startRow"":3,""startCol"":9,""endRow"":3,""endCol"":15},{""startRow"":3,""startCol"":10,""endRow"":3,""endCol"":14},{""startRow"":3,""startCol"":10,""endRow"":3,""endCol"":14},{""startRow"":3,""startCol"":10,""endRow"":3,""endCol"":14},{""startRow"":3,""startCol"":9,""endRow"":3,""endCol"":15},{""startRow"":3,""startCol"":4,""endRow"":3,""endCol"":9},{""startRow"":3,""startCol"":4,""endRow"":3,""endCol"":4},{""startRow"":3,""startCol"":4,""endRow"":3,""endCol"":4},{""startRow"":2,""startCol"":0,""endRow"":3,""endCol"":4},{""startRow"":5,""startCol"":0,""endRow"":5,""endCol"":0},{""startRow"":5,""startCol"":0,""endRow"":5,""endCol"":0},{""startRow"":5,""startCol"":0,""endRow"":5,""endCol"":11},{""startRow"":5,""startCol"":0,""endRow"":5,""endCol"":11},{""startRow"":5,""startCol"":0,""endRow"":5,""endCol"":8},{""startRow"":5,""startCol"":0,""endRow"":5,""endCol"":8},{""startRow"":5,""startCol"":0,""endRow"":5,""endCol"":8},{""startRow"":5,""startCol"":11,""endRow"":5,""endCol"":39},{""startRow"":5,""startCol"":11,""endRow"":5,""endCol"":39},{""startRow"":5,""startCol"":11,""endRow"":5,""endCol"":12},{""startRow"":5,""startCol"":11,""endRow"":5,""endCol"":12},{""startRow"":5,""startCol"":11,""endRow"":5,""endCol"":12},{""startRow"":5,""startCol"":12,""endRow"":5,""endCol"":38},{""startRow"":5,""startCol"":12,""endRow"":5,""endCol"":38},{""startRow"":5,""startCol"":12,""endRow"":5,""endCol"":38},{""startRow"":5,""startCol"":38,""endRow"":5,""endCol"":39},{""startRow"":5,""startCol"":38,""endRow"":5,""endCol"":39},{""startRow"":5,""startCol"":38,""endRow"":5,""endCol"":39},{""startRow"":5,""startCol"":11,""endRow"":5,""endCol"":39},{""startRow"":5,""startCol"":0,""endRow"":5,""endCol"":11},{""startRow"":5,""startCol"":0,""endRow"":5,""endCol"":0},{""startRow"":7,""startCol"":0,""endRow"":7,""endCol"":0},{""startRow"":7,""startCol"":0,""endRow"":7,""endCol"":0},{""startRow"":7,""startCol"":0,""endRow"":7,""endCol"":12},{""startRow"":7,""startCol"":0,""endRow"":7,""endCol"":12},{""startRow"":7,""startCol"":0,""endRow"":7,""endCol"":9},{""startRow"":7,""startCol"":0,""endRow"":7,""endCol"":9},{""startRow"":7,""startCol"":0,""endRow"":7,""endCol"":9},{""startRow"":7,""startCol"":12,""endRow"":7,""endCol"":12},{""startRow"":7,""startCol"":12,""endRow"":7,""endCol"":12},{""startRow"":7,""startCol"":12,""endRow"":7,""endCol"":28},{""startRow"":7,""startCol"":12,""endRow"":7,""endCol"":28},{""startRow"":7,""startCol"":12,""endRow"":7,""endCol"":20},{""startRow"":7,""startCol"":12,""endRow"":7,""endCol"":20},{""startRow"":7,""startCol"":12,""endRow"":7,""endCol"":20},{""startRow"":7,""startCol"":21,""endRow"":7,""endCol"":28},{""startRow"":7,""startCol"":21,""endRow"":7,""endCol"":28},{""startRow"":7,""startCol"":21,""endRow"":7,""endCol"":28},{""startRow"":7,""startCol"":12,""endRow"":7,""endCol"":28},{""startRow"":7,""startCol"":28,""endRow"":7,""endCol"":29},{""startRow"":7,""startCol"":28,""endRow"":7,""endCol"":29},{""startRow"":7,""startCol"":29,""endRow"":7,""endCol"":32},{""startRow"":7,""startCol"":29,""endRow"":7,""endCol"":32},{""startRow"":7,""startCol"":29,""endRow"":7,""endCol"":30},{""startRow"":7,""startCol"":29,""endRow"":7,""endCol"":30},{""startRow"":7,""startCol"":29,""endRow"":7,""endCol"":30},{""startRow"":7,""startCol"":30,""endRow"":7,""endCol"":31},{""startRow"":7,""startCol"":30,""endRow"":7,""endCol"":31},{""startRow"":7,""startCol"":30,""endRow"":7,""endCol"":31},{""startRow"":7,""startCol"":31,""endRow"":7,""endCol"":32},{""startRow"":7,""startCol"":31,""endRow"":7,""endCol"":32},{""startRow"":7,""startCol"":31,""endRow"":7,""endCol"":32},{""startRow"":7,""startCol"":29,""endRow"":7,""endCol"":32},{""startRow"":7,""startCol"":34,""endRow"":7,""endCol"":36},{""startRow"":7,""startCol"":34,""endRow"":7,""endCol"":36},{""startRow"":7,""startCol"":34,""endRow"":7,""endCol"":35},{""startRow"":7,""startCol"":34,""endRow"":7,""endCol"":35},{""startRow"":7,""startCol"":34,""endRow"":7,""endCol"":35},{""startRow"":7,""startCol"":35,""endRow"":7,""endCol"":36},{""startRow"":7,""startCol"":35,""endRow"":7,""endCol"":36},{""startRow"":7,""startCol"":35,""endRow"":7,""endCol"":36},{""startRow"":7,""startCol"":34,""endRow"":7,""endCol"":36},{""startRow"":7,""startCol"":28,""endRow"":7,""endCol"":29},{""startRow"":7,""startCol"":12,""endRow"":7,""endCol"":12},{""startRow"":7,""startCol"":0,""endRow"":7,""endCol"":12},{""startRow"":7,""startCol"":0,""endRow"":7,""endCol"":0},{""startRow"":9,""startCol"":0,""endRow"":9,""endCol"":0},{""startRow"":9,""startCol"":0,""endRow"":9,""endCol"":0},{""startRow"":9,""startCol"":0,""endRow"":9,""endCol"":5},{""startRow"":9,""startCol"":0,""endRow"":9,""endCol"":5},{""startRow"":9,""startCol"":0,""endRow"":9,""endCol"":5},{""startRow"":9,""startCol"":0,""endRow"":9,""endCol"":5},{""startRow"":9,""startCol"":0,""endRow"":9,""endCol"":5},{""startRow"":9,""startCol"":5,""endRow"":9,""endCol"":16},{""startRow"":9,""startCol"":5,""endRow"":9,""endCol"":16},{""startRow"":9,""startCol"":6,""endRow"":9,""endCol"":15},{""startRow"":9,""startCol"":6,""endRow"":9,""endCol"":15},{""startRow"":9,""startCol"":6,""endRow"":9,""endCol"":15},{""startRow"":9,""startCol"":5,""endRow"":9,""endCol"":16},{""startRow"":9,""startCol"":0,""endRow"":9,""endCol"":5},{""startRow"":9,""startCol"":0,""endRow"":9,""endCol"":0},{""startRow"":11,""startCol"":0,""endRow"":11,""endCol"":0},{""startRow"":11,""startCol"":0,""endRow"":11,""endCol"":0},{""startRow"":11,""startCol"":0,""endRow"":11,""endCol"":11},{""startRow"":11,""startCol"":0,""endRow"":11,""endCol"":11},{""startRow"":11,""startCol"":0,""endRow"":11,""endCol"":8},{""startRow"":11,""startCol"":0,""endRow"":11,""endCol"":8},{""startRow"":11,""startCol"":0,""endRow"":11,""endCol"":8},{""startRow"":11,""startCol"":11,""endRow"":11,""endCol"":39},{""startRow"":11,""startCol"":11,""endRow"":11,""endCol"":39},{""startRow"":11,""startCol"":11,""endRow"":11,""endCol"":12},{""startRow"":11,""startCol"":11,""endRow"":11,""endCol"":12},{""startRow"":11,""startCol"":11,""endRow"":11,""endCol"":12},{""startRow"":11,""startCol"":12,""endRow"":11,""endCol"":38},{""startRow"":11,""startCol"":12,""endRow"":11,""endCol"":38},{""startRow"":11,""startCol"":12,""endRow"":11,""endCol"":38},{""startRow"":11,""startCol"":38,""endRow"":11,""endCol"":39},{""startRow"":11,""startCol"":38,""endRow"":11,""endCol"":39},{""startRow"":11,""startCol"":38,""endRow"":11,""endCol"":39},{""startRow"":11,""startCol"":11,""endRow"":11,""endCol"":39},{""startRow"":11,""startCol"":0,""endRow"":11,""endCol"":11},{""startRow"":11,""startCol"":0,""endRow"":11,""endCol"":0},{""startRow"":13,""startCol"":0,""endRow"":13,""endCol"":0},{""startRow"":13,""startCol"":0,""endRow"":13,""endCol"":0},{""startRow"":13,""startCol"":0,""endRow"":13,""endCol"":13},{""startRow"":13,""startCol"":0,""endRow"":13,""endCol"":13},{""startRow"":13,""startCol"":0,""endRow"":13,""endCol"":10},{""startRow"":13,""startCol"":0,""endRow"":13,""endCol"":10},{""startRow"":13,""startCol"":0,""endRow"":13,""endCol"":10},{""startRow"":13,""startCol"":13,""endRow"":13,""endCol"":13},{""startRow"":13,""startCol"":13,""endRow"":13,""endCol"":13},{""startRow"":13,""startCol"":13,""endRow"":13,""endCol"":27},{""startRow"":13,""startCol"":13,""endRow"":13,""endCol"":27},{""startRow"":13,""startCol"":13,""endRow"":13,""endCol"":21},{""startRow"":13,""startCol"":13,""endRow"":13,""endCol"":21},{""startRow"":13,""startCol"":13,""endRow"":13,""endCol"":21},{""startRow"":13,""startCol"":22,""endRow"":13,""endCol"":27},{""startRow"":13,""startCol"":22,""endRow"":13,""endCol"":27},{""startRow"":13,""startCol"":22,""endRow"":13,""endCol"":27},{""startRow"":13,""startCol"":13,""endRow"":13,""endCol"":27},{""startRow"":13,""startCol"":27,""endRow"":13,""endCol"":28},{""startRow"":13,""startCol"":27,""endRow"":13,""endCol"":28},{""startRow"":13,""startCol"":28,""endRow"":13,""endCol"":31},{""startRow"":13,""startCol"":28,""endRow"":13,""endCol"":31},{""startRow"":13,""startCol"":28,""endRow"":13,""endCol"":29},{""startRow"":13,""startCol"":28,""endRow"":13,""endCol"":29},{""startRow"":13,""startCol"":28,""endRow"":13,""endCol"":29},{""startRow"":13,""startCol"":29,""endRow"":13,""endCol"":30},{""startRow"":13,""startCol"":29,""endRow"":13,""endCol"":30},{""startRow"":13,""startCol"":29,""endRow"":13,""endCol"":30},{""startRow"":13,""startCol"":30,""endRow"":13,""endCol"":31},{""startRow"":13,""startCol"":30,""endRow"":13,""endCol"":31},{""startRow"":13,""startCol"":30,""endRow"":13,""endCol"":31},{""startRow"":13,""startCol"":28,""endRow"":13,""endCol"":31},{""startRow"":13,""startCol"":27,""endRow"":13,""endCol"":28},{""startRow"":13,""startCol"":13,""endRow"":13,""endCol"":13},{""startRow"":13,""startCol"":0,""endRow"":13,""endCol"":13},{""startRow"":13,""startCol"":0,""endRow"":13,""endCol"":0},{""startRow"":15,""startCol"":0,""endRow"":15,""endCol"":0},{""startRow"":15,""startCol"":0,""endRow"":15,""endCol"":0},{""startRow"":15,""startCol"":0,""endRow"":15,""endCol"":5},{""startRow"":15,""startCol"":0,""endRow"":15,""endCol"":5},{""startRow"":15,""startCol"":0,""endRow"":15,""endCol"":5},{""startRow"":15,""startCol"":0,""endRow"":15,""endCol"":5},{""startRow"":15,""startCol"":0,""endRow"":15,""endCol"":5},{""startRow"":15,""startCol"":5,""endRow"":15,""endCol"":6},{""startRow"":15,""startCol"":5,""endRow"":15,""endCol"":6},{""startRow"":15,""startCol"":6,""endRow"":15,""endCol"":18},{""startRow"":15,""startCol"":6,""endRow"":15,""endCol"":18},{""startRow"":15,""startCol"":6,""endRow"":15,""endCol"":8},{""startRow"":15,""startCol"":6,""endRow"":15,""endCol"":8},{""startRow"":15,""startCol"":6,""endRow"":15,""endCol"":8},{""startRow"":15,""startCol"":8,""endRow"":15,""endCol"":18},{""startRow"":15,""startCol"":8,""endRow"":15,""endCol"":18},{""startRow"":15,""startCol"":8,""endRow"":15,""endCol"":18},{""startRow"":15,""startCol"":18,""endRow"":15,""endCol"":30},{""startRow"":15,""startCol"":18,""endRow"":15,""endCol"":30},{""startRow"":15,""startCol"":19,""endRow"":15,""endCol"":29},{""startRow"":15,""startCol"":19,""endRow"":15,""endCol"":29},{""startRow"":15,""startCol"":19,""endRow"":15,""endCol"":29},{""startRow"":15,""startCol"":18,""endRow"":15,""endCol"":30},{""startRow"":15,""startCol"":30,""endRow"":15,""endCol"":54},{""startRow"":15,""startCol"":30,""endRow"":15,""endCol"":54},{""startRow"":15,""startCol"":30,""endRow"":15,""endCol"":54},{""startRow"":15,""startCol"":54,""endRow"":15,""endCol"":55},{""startRow"":15,""startCol"":54,""endRow"":15,""endCol"":55},{""startRow"":15,""startCol"":54,""endRow"":15,""endCol"":55},{""startRow"":15,""startCol"":6,""endRow"":15,""endCol"":18},{""startRow"":15,""startCol"":5,""endRow"":15,""endCol"":6},{""startRow"":15,""startCol"":0,""endRow"":15,""endCol"":5},{""startRow"":15,""startCol"":0,""endRow"":15,""endCol"":0},{""startRow"":18,""startCol"":0,""endRow"":18,""endCol"":17},{""startRow"":18,""startCol"":0,""endRow"":18,""endCol"":17},{""startRow"":18,""startCol"":4,""endRow"":18,""endCol"":17},{""startRow"":18,""startCol"":4,""endRow"":18,""endCol"":17},{""startRow"":18,""startCol"":4,""endRow"":18,""endCol"":17},{""startRow"":18,""startCol"":17,""endRow"":18,""endCol"":23},{""startRow"":18,""startCol"":17,""endRow"":18,""endCol"":23},{""startRow"":18,""startCol"":18,""endRow"":18,""endCol"":22},{""startRow"":18,""startCol"":18,""endRow"":18,""endCol"":22},{""startRow"":18,""startCol"":18,""endRow"":18,""endCol"":22},{""startRow"":18,""startCol"":17,""endRow"":18,""endCol"":23},{""startRow"":19,""startCol"":4,""endRow"":19,""endCol"":4},{""startRow"":19,""startCol"":4,""endRow"":19,""endCol"":4},{""startRow"":19,""startCol"":4,""endRow"":19,""endCol"":7},{""startRow"":19,""startCol"":4,""endRow"":19,""endCol"":7},{""startRow"":19,""startCol"":7,""endRow"":19,""endCol"":15},{""startRow"":19,""startCol"":7,""endRow"":19,""endCol"":15},{""startRow"":19,""startCol"":7,""endRow"":19,""endCol"":11},{""startRow"":19,""startCol"":7,""endRow"":19,""endCol"":11},{""startRow"":19,""startCol"":7,""endRow"":19,""endCol"":11},{""startRow"":19,""startCol"":15,""endRow"":19,""endCol"":20},{""startRow"":19,""startCol"":15,""endRow"":19,""endCol"":20},{""startRow"":19,""startCol"":15,""endRow"":19,""endCol"":19},{""startRow"":19,""startCol"":15,""endRow"":19,""endCol"":19},{""startRow"":19,""startCol"":15,""endRow"":19,""endCol"":19},{""startRow"":19,""startCol"":20,""endRow"":19,""endCol"":22},{""startRow"":19,""startCol"":20,""endRow"":19,""endCol"":22},{""startRow"":19,""startCol"":22,""endRow"":19,""endCol"":24},{""startRow"":19,""startCol"":22,""endRow"":19,""endCol"":24},{""startRow"":19,""startCol"":23,""endRow"":19,""endCol"":24},{""startRow"":19,""startCol"":23,""endRow"":19,""endCol"":24},{""startRow"":19,""startCol"":23,""endRow"":19,""endCol"":24},{""startRow"":19,""startCol"":22,""endRow"":19,""endCol"":24},{""startRow"":19,""startCol"":20,""endRow"":19,""endCol"":22},{""startRow"":19,""startCol"":15,""endRow"":19,""endCol"":20},{""startRow"":19,""startCol"":7,""endRow"":19,""endCol"":15},{""startRow"":20,""startCol"":8,""endRow"":20,""endCol"":8},{""startRow"":20,""startCol"":8,""endRow"":20,""endCol"":8},{""startRow"":20,""startCol"":8,""endRow"":20,""endCol"":8},{""startRow"":20,""startCol"":8,""endRow"":20,""endCol"":8},{""startRow"":20,""startCol"":8,""endRow"":20,""endCol"":13},{""startRow"":20,""startCol"":8,""endRow"":20,""endCol"":13},{""startRow"":20,""startCol"":8,""endRow"":20,""endCol"":13},{""startRow"":20,""startCol"":8,""endRow"":20,""endCol"":13},{""startRow"":20,""startCol"":8,""endRow"":20,""endCol"":13},{""startRow"":20,""startCol"":13,""endRow"":20,""endCol"":14},{""startRow"":20,""startCol"":13,""endRow"":20,""endCol"":14},{""startRow"":20,""startCol"":14,""endRow"":20,""endCol"":25},{""startRow"":20,""startCol"":14,""endRow"":20,""endCol"":25},{""startRow"":20,""startCol"":14,""endRow"":20,""endCol"":16},{""startRow"":20,""startCol"":14,""endRow"":20,""endCol"":16},{""startRow"":20,""startCol"":14,""endRow"":20,""endCol"":16},{""startRow"":20,""startCol"":16,""endRow"":20,""endCol"":25},{""startRow"":20,""startCol"":16,""endRow"":20,""endCol"":25},{""startRow"":20,""startCol"":16,""endRow"":20,""endCol"":25},{""startRow"":20,""startCol"":25,""endRow"":20,""endCol"":31},{""startRow"":20,""startCol"":25,""endRow"":20,""endCol"":31},{""startRow"":20,""startCol"":26,""endRow"":20,""endCol"":30},{""startRow"":20,""startCol"":26,""endRow"":20,""endCol"":30},{""startRow"":20,""startCol"":26,""endRow"":20,""endCol"":30},{""startRow"":20,""startCol"":25,""endRow"":20,""endCol"":31},{""startRow"":20,""startCol"":31,""endRow"":20,""endCol"":48},{""startRow"":20,""startCol"":31,""endRow"":20,""endCol"":48},{""startRow"":20,""startCol"":31,""endRow"":20,""endCol"":48},{""startRow"":20,""startCol"":48,""endRow"":20,""endCol"":49},{""startRow"":20,""startCol"":48,""endRow"":20,""endCol"":49},{""startRow"":20,""startCol"":48,""endRow"":20,""endCol"":49},{""startRow"":20,""startCol"":14,""endRow"":20,""endCol"":25},{""startRow"":20,""startCol"":13,""endRow"":20,""endCol"":14},{""startRow"":20,""startCol"":8,""endRow"":20,""endCol"":13},{""startRow"":20,""startCol"":8,""endRow"":20,""endCol"":8},{""startRow"":20,""startCol"":8,""endRow"":20,""endCol"":8},{""startRow"":21,""startCol"":4,""endRow"":22,""endCol"":8},{""startRow"":21,""startCol"":4,""endRow"":22,""endCol"":8},{""startRow"":22,""startCol"":8,""endRow"":22,""endCol"":8},{""startRow"":22,""startCol"":8,""endRow"":22,""endCol"":8},{""startRow"":22,""startCol"":8,""endRow"":22,""endCol"":8},{""startRow"":22,""startCol"":8,""endRow"":22,""endCol"":8},{""startRow"":22,""startCol"":8,""endRow"":22,""endCol"":13},{""startRow"":22,""startCol"":8,""endRow"":22,""endCol"":13},{""startRow"":22,""startCol"":8,""endRow"":22,""endCol"":13},{""startRow"":22,""startCol"":8,""endRow"":22,""endCol"":13},{""startRow"":22,""startCol"":8,""endRow"":22,""endCol"":13},{""startRow"":22,""startCol"":13,""endRow"":22,""endCol"":14},{""startRow"":22,""startCol"":13,""endRow"":22,""endCol"":14},{""startRow"":22,""startCol"":14,""endRow"":22,""endCol"":25},{""startRow"":22,""startCol"":14,""endRow"":22,""endCol"":25},{""startRow"":22,""startCol"":14,""endRow"":22,""endCol"":16},{""startRow"":22,""startCol"":14,""endRow"":22,""endCol"":16},{""startRow"":22,""startCol"":14,""endRow"":22,""endCol"":16},{""startRow"":22,""startCol"":16,""endRow"":22,""endCol"":25},{""startRow"":22,""startCol"":16,""endRow"":22,""endCol"":25},{""startRow"":22,""startCol"":16,""endRow"":22,""endCol"":25},{""startRow"":22,""startCol"":25,""endRow"":22,""endCol"":31},{""startRow"":22,""startCol"":25,""endRow"":22,""endCol"":31},{""startRow"":22,""startCol"":26,""endRow"":22,""endCol"":30},{""startRow"":22,""startCol"":26,""endRow"":22,""endCol"":30},{""startRow"":22,""startCol"":26,""endRow"":22,""endCol"":30},{""startRow"":22,""startCol"":25,""endRow"":22,""endCol"":31},{""startRow"":22,""startCol"":31,""endRow"":22,""endCol"":52},{""startRow"":22,""startCol"":31,""endRow"":22,""endCol"":52},{""startRow"":22,""startCol"":31,""endRow"":22,""endCol"":52},{""startRow"":22,""startCol"":52,""endRow"":22,""endCol"":53},{""startRow"":22,""startCol"":52,""endRow"":22,""endCol"":53},{""startRow"":22,""startCol"":52,""endRow"":22,""endCol"":53},{""startRow"":22,""startCol"":14,""endRow"":22,""endCol"":25},{""startRow"":22,""startCol"":13,""endRow"":22,""endCol"":14},{""startRow"":22,""startCol"":8,""endRow"":22,""endCol"":13},{""startRow"":22,""startCol"":8,""endRow"":22,""endCol"":8},{""startRow"":22,""startCol"":8,""endRow"":22,""endCol"":8},{""startRow"":21,""startCol"":4,""endRow"":22,""endCol"":8},{""startRow"":19,""startCol"":4,""endRow"":19,""endCol"":7},{""startRow"":19,""startCol"":4,""endRow"":19,""endCol"":4},{""startRow"":18,""startCol"":0,""endRow"":18,""endCol"":17},{""startRow"":25,""startCol"":0,""endRow"":25,""endCol"":0},{""startRow"":25,""startCol"":0,""endRow"":25,""endCol"":0},{""startRow"":25,""startCol"":0,""endRow"":25,""endCol"":13},{""startRow"":25,""startCol"":0,""endRow"":25,""endCol"":13},{""startRow"":25,""startCol"":0,""endRow"":25,""endCol"":13},{""startRow"":25,""startCol"":0,""endRow"":25,""endCol"":13},{""startRow"":25,""startCol"":0,""endRow"":25,""endCol"":13},{""startRow"":25,""startCol"":13,""endRow"":25,""endCol"":14},{""startRow"":25,""startCol"":13,""endRow"":25,""endCol"":14},{""startRow"":25,""startCol"":14,""endRow"":25,""endCol"":25},{""startRow"":25,""startCol"":14,""endRow"":25,""endCol"":25},{""startRow"":25,""startCol"":14,""endRow"":25,""endCol"":15},{""startRow"":25,""startCol"":14,""endRow"":25,""endCol"":15},{""startRow"":25,""startCol"":14,""endRow"":25,""endCol"":15},{""startRow"":25,""startCol"":15,""endRow"":25,""endCol"":24},{""startRow"":25,""startCol"":15,""endRow"":25,""endCol"":24},{""startRow"":25,""startCol"":15,""endRow"":25,""endCol"":24},{""startRow"":25,""startCol"":24,""endRow"":25,""endCol"":25},{""startRow"":25,""startCol"":24,""endRow"":25,""endCol"":25},{""startRow"":25,""startCol"":24,""endRow"":25,""endCol"":25},{""startRow"":25,""startCol"":14,""endRow"":25,""endCol"":25},{""startRow"":25,""startCol"":13,""endRow"":25,""endCol"":14},{""startRow"":25,""startCol"":0,""endRow"":25,""endCol"":13},{""startRow"":25,""startCol"":0,""endRow"":25,""endCol"":0},{""startRow"":0,""startCol"":0,""endRow"":0,""endCol"":0}]",
1,false,/tmp/dolos-unzip-XXXXXXpfBjfp/studentM_Y.py,"sentence = ""This is just a test""
target = ""just""

idx = sentence.find(target)

print(f""The word '{target}'' starts at index {idx} in '{sentence}'"")


def sum(a, b):
    return a + b


print(sum(1, 2))

n1 = 10
n2 = 100

maximum = max(n1, n2)

print(f""The maximum number is {maximum}"")
",28,"[""("",""module"",""("",""expression_statement"",""("",""assignment"",""("",""identifier"","")"",""("",""string"",""("",""string_start"","")"",""("",""string_content"","")"",""("",""string_end"","")"","")"","")"","")"",""("",""expression_statement"",""("",""assignment"",""("",""identifier"","")"",""("",""string"",""("",""string_start"","")"",""("",""string_content"","")"",""("",""string_end"","")"","")"","")"","")"",""("",""expression_statement"",""("",""assignment"",""("",""identifier"","")"",""("",""call"",""("",""attribute"",""("",""identifier"","")"",""("",""identifier"","")"","")"",""("",""argument_list"",""("",""identifier"","")"","")"","")"","")"","")"",""("",""expression_statement"",""("",""call"",""("",""identifier"","")"",""("",""argument_list"",""("",""string"",""("",""string_start"","")"",""("",""string_content"","")"",""("",""interpolation"",""("",""identifier"","")"","")"",""("",""string_content"","")"",""("",""interpolation"",""("",""identifier"","")"","")"",""("",""string_content"","")"",""("",""interpolation"",""("",""identifier"","")"","")"",""("",""string_content"","")"",""("",""string_end"","")"","")"","")"","")"","")"",""("",""function_definition"",""("",""identifier"","")"",""("",""parameters"",""("",""identifier"","")"",""("",""identifier"","")"","")"",""("",""block"",""("",""return_statement"",""("",""binary_operator"",""("",""identifier"","")"",""("",""identifier"","")"","")"","")"","")"","")"",""("",""expression_statement"",""("",""call"",""("",""identifier"","")"",""("",""argument_list"",""("",""call"",""("",""identifier"","")"",""("",""argument_list"",""("",""integer"","")"",""("",""integer"","")"","")"","")"","")"","")"","")"",""("",""expression_statement"",""("",""assignment"",""("",""identifier"","")"",""("",""integer"","")"","")"","")"",""("",""expression_statement"",""("",""assignment"",""("",""identifier"","")"",""("",""integer"","")"","")"","")"",""("",""expression_statement"",""("",""assignment"",""("",""identifier"","")"",""("",""call"",""("",""identifier"","")"",""("",""argument_list"",""("",""identifier"","")"",""("",""identifier"","")"","")"","")"","")"","")"",""("",""expression_statement"",""("",""call"",""("",""identifier"","")"",""("",""argument_list"",""("",""string"",""("",""string_start"","")"",""("",""string_content"","")"",""("",""interpolation"",""("",""identifier"","")"","")"",""("",""string_end"","")"","")"","")"","")"","")"","")""]","[{""startRow"":0,""startCol"":0,""endRow"":0,""endCol"":0},{""startRow"":0,""startCol"":0,""endRow"":0,""endCol"":0},{""startRow"":0,""startCol"":0,""endRow"":0,""endCol"":0},{""startRow"":0,""startCol"":0,""endRow"":0,""endCol"":0},{""startRow"":0,""startCol"":0,""endRow"":0,""endCol"":11},{""startRow"":0,""startCol"":0,""endRow"":0,""endCol"":11},{""startRow"":0,""startCol"":0,""endRow"":0,""endCol"":8},{""startRow"":0,""startCol"":0,""endRow"":0,""endCol"":8},{""startRow"":0,""startCol"":0,""endRow"":0,""endCol"":8},{""startRow"":0,""startCol"":11,""endRow"":0,""endCol"":32},{""startRow"":0,""startCol"":11,""endRow"":0,""endCol"":32},{""startRow"":0,""startCol"":11,""endRow"":0,""endCol"":12},{""startRow"":0,""startCol"":11,""endRow"":0,""endCol"":12},{""startRow"":0,""startCol"":11,""endRow"":0,""endCol"":12},{""startRow"":0,""startCol"":12,""endRow"":0,""endCol"":31},{""startRow"":0,""startCol"":12,""endRow"":0,""endCol"":31},{""startRow"":0,""startCol"":12,""endRow"":0,""endCol"":31},{""startRow"":0,""startCol"":31,""endRow"":0,""endCol"":32},{""startRow"":0,""startCol"":31,""endRow"":0,""endCol"":32},{""startRow"":0,""startCol"":31,""endRow"":0,""endCol"":32},{""startRow"":0,""startCol"":11,""endRow"":0,""endCol"":32},{""startRow"":0,""startCol"":0,""endRow"":0,""endCol"":11},{""startRow"":0,""startCol"":0,""endRow"":0,""endCol"":0},{""startRow"":1,""startCol"":0,""endRow"":1,""endCol"":0},{""startRow"":1,""startCol"":0,""endRow"":1,""endCol"":0},{""startRow"":1,""startCol"":0,""endRow"":1,""endCol"":9},{""startRow"":1,""startCol"":0,""endRow"":1,""endCol"":9},{""startRow"":1,""startCol"":0,""endRow"":1,""endCol"":6},{""startRow"":1,""startCol"":0,""endRow"":1,""endCol"":6},{""startRow"":1,""startCol"":0,""endRow"":1,""endCol"":6},{""startRow"":1,""startCol"":9,""endRow"":1,""endCol"":15},{""startRow"":1,""startCol"":9,""endRow"":1,""endCol"":15},{""startRow"":1,""startCol"":9,""endRow"":1,""endCol"":10},{""startRow"":1,""startCol"":9,""endRow"":1,""endCol"":10},{""startRow"":1,""startCol"":9,""endRow"":1,""endCol"":10},{""startRow"":1,""startCol"":10,""endRow"":1,""endCol"":14},{""startRow"":1,""startCol"":10,""endRow"":1,""endCol"":14},{""startRow"":1,""startCol"":10,""endRow"":1,""endCol"":14},{""startRow"":1,""startCol"":14,""endRow"":1,""endCol"":15},{""startRow"":1,""startCol"":14,""endRow"":1,""endCol"":15},{""startRow"":1,""startCol"":14,""endRow"":1,""endCol"":15},{""startRow"":1,""startCol"":9,""endRow"":1,""endCol"":15},{""startRow"":1,""startCol"":0,""endRow"":1,""endCol"":9},{""startRow"":1,""startCol"":0,""endRow"":1,""endCol"":0},{""startRow"":3,""startCol"":0,""endRow"":3,""endCol"":0},{""startRow"":3,""startCol"":0,""endRow"":3,""endCol"":0},{""startRow"":3,""startCol"":0,""endRow"":3,""endCol"":6},{""startRow"":3,""startCol"":0,""endRow"":3,""endCol"":6},{""startRow"":3,""startCol"":0,""endRow"":3,""endCol"":3},{""startRow"":3,""startCol"":0,""endRow"":3,""endCol"":3},{""startRow"":3,""startCol"":0,""endRow"":3,""endCol"":3},{""startRow"":3,""startCol"":6,""endRow"":3,""endCol"":6},{""startRow"":3,""startCol"":6,""endRow"":3,""endCol"":6},{""startRow"":3,""startCol"":6,""endRow"":3,""endCol"":19},{""startRow"":3,""startCol"":6,""endRow"":3,""endCol"":19},{""startRow"":3,""startCol"":6,""endRow"":3,""endCol"":14},{""startRow"":3,""startCol"":6,""endRow"":3,""endCol"":14},{""startRow"":3,""startCol"":6,""endRow"":3,""endCol"":14},{""startRow"":3,""startCol"":15,""endRow"":3,""endCol"":19},{""startRow"":3,""startCol"":15,""endRow"":3,""endCol"":19},{""startRow"":3,""startCol"":15,""endRow"":3,""endCol"":19},{""startRow"":3,""startCol"":6,""endRow"":3,""endCol"":19},{""startRow"":3,""startCol"":19,""endRow"":3,""endCol"":27},{""startRow"":3,""startCol"":19,""endRow"":3,""endCol"":27},{""startRow"":3,""startCol"":20,""endRow"":3,""endCol"":26},{""startRow"":3,""startCol"":20,""endRow"":3,""endCol"":26},{""startRow"":3,""startCol"":20,""endRow"":3,""endCol"":26},{""startRow"":3,""startCol"":19,""endRow"":3,""endCol"":27},{""startRow"":3,""startCol"":6,""endRow"":3,""endCol"":6},{""startRow"":3,""startCol"":0,""endRow"":3,""endCol"":6},{""startRow"":3,""startCol"":0,""endRow"":3,""endCol"":0},{""startRow"":5,""startCol"":0,""endRow"":5,""endCol"":0},{""startRow"":5,""startCol"":0,""endRow"":5,""endCol"":0},{""startRow"":5,""startCol"":0,""endRow"":5,""endCol"":5},{""startRow"":5,""startCol"":0,""endRow"":5,""endCol"":5},{""startRow"":5,""startCol"":0,""endRow"":5,""endCol"":5},{""startRow"":5,""startCol"":0,""endRow"":5,""endCol"":5},{""startRow"":5,""startCol"":0,""endRow"":5,""endCol"":5},{""startRow"":5,""startCol"":5,""endRow"":5,""endCol"":6},{""startRow"":5,""startCol"":5,""endRow"":5,""endCol"":6},{""startRow"":5,""startCol"":6,""endRow"":5,""endCol"":18},{""startRow"":5,""startCol"":6,""endRow"":5,""endCol"":18},{""startRow"":5,""startCol"":6,""endRow"":5,""endCol"":8},{""startRow"":5,""startCol"":6,""endRow"":5,""endCol"":8},{""startRow"":5,""startCol"":6,""endRow"":5,""endCol"":8},{""startRow"":5,""startCol"":8,""endRow"":5,""endCol"":18},{""startRow"":5,""startCol"":8,""endRow"":5,""endCol"":18},{""startRow"":5,""startCol"":8,""endRow"":5,""endCol"":18},{""startRow"":5,""startCol"":18,""endRow"":5,""endCol"":26},{""startRow"":5,""startCol"":18,""endRow"":5,""endCol"":26},{""startRow"":5,""startCol"":19,""endRow"":5,""endCol"":25},{""startRow"":5,""startCol"":19,""endRow"":5,""endCol"":25},{""startRow"":5,""startCol"":19,""endRow"":5,""endCol"":25},{""startRow"":5,""startCol"":18,""endRow"":5,""endCol"":26},{""startRow"":5,""startCol"":26,""endRow"":5,""endCol"":45},{""startRow"":5,""startCol"":26,""endRow"":5,""endCol"":45},{""startRow"":5,""startCol"":26,""endRow"":5,""endCol"":45},{""startRow"":5,""startCol"":45,""endRow"":5,""endCol"":50},{""startRow"":5,""startCol"":45,""endRow"":5,""endCol"":50},{""startRow"":5,""startCol"":46,""endRow"":5,""endCol"":49},{""startRow"":5,""startCol"":46,""endRow"":5,""endCol"":49},{""startRow"":5,""startCol"":46,""endRow"":5,""endCol"":49},{""startRow"":5,""startCol"":45,""endRow"":5,""endCol"":50},{""startRow"":5,""startCol"":50,""endRow"":5,""endCol"":55},{""startRow"":5,""startCol"":50,""endRow"":5,""endCol"":55},{""startRow"":5,""startCol"":50,""endRow"":5,""endCol"":55},{""startRow"":5,""startCol"":55,""endRow"":5,""endCol"":65},{""startRow"":5,""startCol"":55,""endRow"":5,""endCol"":65},{""startRow"":5,""startCol"":56,""endRow"":5,""endCol"":64},{""startRow"":5,""startCol"":56,""endRow"":5,""endCol"":64},{""startRow"":5,""startCol"":56,""endRow"":5,""endCol"":64},{""startRow"":5,""startCol"":55,""endRow"":5,""endCol"":65},{""startRow"":5,""startCol"":65,""endRow"":5,""endCol"":66},{""startRow"":5,""startCol"":65,""endRow"":5,""endCol"":66},{""startRow"":5,""startCol"":65,""endRow"":5,""endCol"":66},{""startRow"":5,""startCol"":66,""endRow"":5,""endCol"":67},{""startRow"":5,""startCol"":66,""endRow"":5,""endCol"":67},{""startRow"":5,""startCol"":66,""endRow"":5,""endCol"":67},{""startRow"":5,""startCol"":6,""endRow"":5,""endCol"":18},{""startRow"":5,""startCol"":5,""endRow"":5,""endCol"":6},{""startRow"":5,""startCol"":0,""endRow"":5,""endCol"":5},{""startRow"":5,""startCol"":0,""endRow"":5,""endCol"":0},{""startRow"":8,""startCol"":0,""endRow"":8,""endCol"":7},{""startRow"":8,""startCol"":0,""endRow"":8,""endCol"":7},{""startRow"":8,""startCol"":4,""endRow"":8,""endCol"":7},{""startRow"":8,""startCol"":4,""endRow"":8,""endCol"":7},{""startRow"":8,""startCol"":4,""endRow"":8,""endCol"":7},{""startRow"":8,""startCol"":7,""endRow"":8,""endCol"":13},{""startRow"":8,""startCol"":7,""endRow"":8,""endCol"":13},{""startRow"":8,""startCol"":8,""endRow"":8,""endCol"":9},{""startRow"":8,""startCol"":8,""endRow"":8,""endCol"":9},{""startRow"":8,""startCol"":8,""endRow"":8,""endCol"":9},{""startRow"":8,""startCol"":11,""endRow"":8,""endCol"":12},{""startRow"":8,""startCol"":11,""endRow"":8,""endCol"":12},{""startRow"":8,""startCol"":11,""endRow"":8,""endCol"":12},{""startRow"":8,""startCol"":7,""endRow"":8,""endCol"":13},{""startRow"":9,""startCol"":4,""endRow"":9,""endCol"":4},{""startRow"":9,""startCol"":4,""endRow"":9,""endCol"":4},{""startRow"":9,""startCol"":4,""endRow"":9,""endCol"":11},{""startRow"":9,""startCol"":4,""endRow"":9,""endCol"":11},{""startRow"":9,""startCol"":11,""endRow"":9,""endCol"":16},{""startRow"":9,""startCol"":11,""endRow"":9,""endCol"":16},{""startRow"":9,""startCol"":11,""endRow"":9,""endCol"":12},{""startRow"":9,""startCol"":11,""endRow"":9,""endCol"":12},{""startRow"":9,""startCol"":11,""endRow"":9,""endCol"":12},{""startRow"":9,""startCol"":15,""endRow"":9,""endCol"":16},{""startRow"":9,""startCol"":15,""endRow"":9,""endCol"":16},{""startRow"":9,""startCol"":15,""endRow"":9,""endCol"":16},{""startRow"":9,""startCol"":11,""endRow"":9,""endCol"":16},{""startRow"":9,""startCol"":4,""endRow"":9,""endCol"":11},{""startRow"":9,""startCol"":4,""endRow"":9,""endCol"":4},{""startRow"":8,""startCol"":0,""endRow"":8,""endCol"":7},{""startRow"":12,""startCol"":0,""endRow"":12,""endCol"":0},{""startRow"":12,""startCol"":0,""endRow"":12,""endCol"":0},{""startRow"":12,""startCol"":0,""endRow"":12,""endCol"":5},{""startRow"":12,""startCol"":0,""endRow"":12,""endCol"":5},{""startRow"":12,""startCol"":0,""endRow"":12,""endCol"":5},{""startRow"":12,""startCol"":0,""endRow"":12,""endCol"":5},{""startRow"":12,""startCol"":0,""endRow"":12,""endCol"":5},{""startRow"":12,""startCol"":5,""endRow"":12,""endCol"":6},{""startRow"":12,""startCol"":5,""endRow"":12,""endCol"":6},{""startRow"":12,""startCol"":6,""endRow"":12,""endCol"":9},{""startRow"":12,""startCol"":6,""endRow"":12,""endCol"":9},{""startRow"":12,""startCol"":6,""endRow"":12,""endCol"":9},{""startRow"":12,""startCol"":6,""endRow"":12,""endCol"":9},{""startRow"":12,""startCol"":6,""endRow"":12,""endCol"":9},{""startRow"":12,""startCol"":9,""endRow"":12,""endCol"":15},{""startRow"":12,""startCol"":9,""endRow"":12,""endCol"":15},{""startRow"":12,""startCol"":10,""endRow"":12,""endCol"":11},{""startRow"":12,""startCol"":10,""endRow"":12,""endCol"":11},{""startRow"":12,""startCol"":10,""endRow"":12,""endCol"":11},{""startRow"":12,""startCol"":13,""endRow"":12,""endCol"":14},{""startRow"":12,""startCol"":13,""endRow"":12,""endCol"":14},{""startRow"":12,""startCol"":13,""endRow"":12,""endCol"":14},{""startRow"":12,""startCol"":9,""endRow"":12,""endCol"":15},{""startRow"":12,""startCol"":6,""endRow"":12,""endCol"":9},{""startRow"":12,""startCol"":5,""endRow"":12,""endCol"":6},{""startRow"":12,""startCol"":0,""endRow"":12,""endCol"":5},{""startRow"":12,""startCol"":0,""endRow"":12,""endCol"":0},{""startRow"":14,""startCol"":0,""endRow"":14,""endCol"":0},{""startRow"":14,""startCol"":0,""endRow"":14,""endCol"":0},{""startRow"":14,""startCol"":0,""endRow"":14,""endCol"":7},{""startRow"":14,""startCol"":0,""endRow"":14,""endCol"":7},{""startRow"":14,""startCol"":0,""endRow"":14,""endCol"":2},{""startRow"":14,""startCol"":0,""endRow"":14,""endCol"":2},{""startRow"":14,""startCol"":0,""endRow"":14,""endCol"":2},{""startRow"":14,""startCol"":5,""endRow"":14,""endCol"":7},{""startRow"":14,""startCol"":5,""endRow"":14,""endCol"":7},{""startRow"":14,""startCol"":5,""endRow"":14,""endCol"":7},{""startRow"":14,""startCol"":0,""endRow"":14,""endCol"":7},{""startRow"":14,""startCol"":0,""endRow"":14,""endCol"":0},{""startRow"":15,""startCol"":0,""endRow"":15,""endCol"":0},{""startRow"":15,""startCol"":0,""endRow"":15,""endCol"":0},{""startRow"":15,""startCol"":0,""endRow"":15,""endCol"":8},{""startRow"":15,""startCol"":0,""endRow"":15,""endCol"":8},{""startRow"":15,""startCol"":0,""endRow"":15,""endCol"":2},{""startRow"":15,""startCol"":0,""endRow"":15,""endCol"":2},{""startRow"":15,""startCol"":0,""endRow"":15,""endCol"":2},{""startRow"":15,""startCol"":5,""endRow"":15,""endCol"":8},{""startRow"":15,""startCol"":5,""endRow"":15,""endCol"":8},{""startRow"":15,""startCol"":5,""endRow"":15,""endCol"":8},{""startRow"":15,""startCol"":0,""endRow"":15,""endCol"":8},{""startRow"":15,""startCol"":0,""endRow"":15,""endCol"":0},{""startRow"":17,""startCol"":0,""endRow"":17,""endCol"":0},{""startRow"":17,""startCol"":0,""endRow"":17,""endCol"":0},{""startRow"":17,""startCol"":0,""endRow"":17,""endCol"":10},{""startRow"":17,""startCol"":0,""endRow"":17,""endCol"":10},{""startRow"":17,""startCol"":0,""endRow"":17,""endCol"":7},{""startRow"":17,""startCol"":0,""endRow"":17,""endCol"":7},{""startRow"":17,""startCol"":0,""endRow"":17,""endCol"":7},{""startRow"":17,""startCol"":10,""endRow"":17,""endCol"":13},{""startRow"":17,""startCol"":10,""endRow"":17,""endCol"":13},{""startRow"":17,""startCol"":10,""endRow"":17,""endCol"":13},{""startRow"":17,""startCol"":10,""endRow"":17,""endCol"":13},{""startRow"":17,""startCol"":10,""endRow"":17,""endCol"":13},{""startRow"":17,""startCol"":13,""endRow"":17,""endCol"":21},{""startRow"":17,""startCol"":13,""endRow"":17,""endCol"":21},{""startRow"":17,""startCol"":14,""endRow"":17,""endCol"":16},{""startRow"":17,""startCol"":14,""endRow"":17,""endCol"":16},{""startRow"":17,""startCol"":14,""endRow"":17,""endCol"":16},{""startRow"":17,""startCol"":18,""endRow"":17,""endCol"":20},{""startRow"":17,""startCol"":18,""endRow"":17,""endCol"":20},{""startRow"":17,""startCol"":18,""endRow"":17,""endCol"":20},{""startRow"":17,""startCol"":13,""endRow"":17,""endCol"":21},{""startRow"":17,""startCol"":10,""endRow"":17,""endCol"":13},{""startRow"":17,""startCol"":0,""endRow"":17,""endCol"":10},{""startRow"":17,""startCol"":0,""endRow"":17,""endCol"":0},{""startRow"":19,""startCol"":0,""endRow"":19,""endCol"":0},{""startRow"":19,""startCol"":0,""endRow"":19,""endCol"":0},{""startRow"":19,""startCol"":0,""endRow"":19,""endCol"":5},{""startRow"":19,""startCol"":0,""endRow"":19,""endCol"":5},{""startRow"":19,""startCol"":0,""endRow"":19,""endCol"":5},{""startRow"":19,""startCol"":0,""endRow"":19,""endCol"":5},{""startRow"":19,""startCol"":0,""endRow"":19,""endCol"":5},{""startRow"":19,""startCol"":5,""endRow"":19,""endCol"":6},{""startRow"":19,""startCol"":5,""endRow"":19,""endCol"":6},{""startRow"":19,""startCol"":6,""endRow"":19,""endCol"":30},{""startRow"":19,""startCol"":6,""endRow"":19,""endCol"":30},{""startRow"":19,""startCol"":6,""endRow"":19,""endCol"":8},{""startRow"":19,""startCol"":6,""endRow"":19,""endCol"":8},{""startRow"":19,""startCol"":6,""endRow"":19,""endCol"":8},{""startRow"":19,""startCol"":8,""endRow"":19,""endCol"":30},{""startRow"":19,""startCol"":8,""endRow"":19,""endCol"":30},{""startRow"":19,""startCol"":8,""endRow"":19,""endCol"":30},{""startRow"":19,""startCol"":30,""endRow"":19,""endCol"":39},{""startRow"":19,""startCol"":30,""endRow"":19,""endCol"":39},{""startRow"":19,""startCol"":31,""endRow"":19,""endCol"":38},{""startRow"":19,""startCol"":31,""endRow"":19,""endCol"":38},{""startRow"":19,""startCol"":31,""endRow"":19,""endCol"":38},{""startRow"":19,""startCol"":30,""endRow"":19,""endCol"":39},{""startRow"":19,""startCol"":39,""endRow"":19,""endCol"":40},{""startRow"":19,""startCol"":39,""endRow"":19,""endCol"":40},{""startRow"":19,""startCol"":39,""endRow"":19,""endCol"":40},{""startRow"":19,""startCol"":6,""endRow"":19,""endCol"":30},{""startRow"":19,""startCol"":5,""endRow"":19,""endCol"":6},{""startRow"":19,""startCol"":0,""endRow"":19,""endCol"":5},{""startRow"":19,""startCol"":0,""endRow"":19,""endCol"":0},{""startRow"":0,""startCol"":0,""endRow"":0,""endCol"":0}]",
2,false,/tmp/dolos-unzip-XXXXXXpfBjfp/studentP_Z.py,"n1 = 10
n2 = 100

minimum = min(n1, n2)

print(f""The minimum number is {minimum}"")

nums = [1, 2, 3, 4, 5]

total = sum(nums)
length = len(nums)

average = total / length

print(f""The average of {nums} is {average}"")


# A function that checks if a year is a leap year
def is_leap(year):
    return year % 4 == 0 and (year % 100 != 0 or year % 400 == 0)


# Example
year = 2020

if is_leap(year):
    print(f""The year {year} is a leap year"")
else:
    print(f""The year {year} is not a leap year"")
",41,"[""("",""module"",""("",""expression_statement"",""("",""assignment"",""("",""identifier"","")"",""("",""integer"","")"","")"","")"",""("",""expression_statement"",""("",""assignment"",""("",""identifier"","")"",""("",""integer"","")"","")"","")"",""("",""expression_statement"",""("",""assignment"",""("",""identifier"","")"",""("",""call"",""("",""identifier"","")"",""("",""argument_list"",""("",""identifier"","")"",""("",""identifier"","")"","")"","")"","")"","")"",""("",""expression_statement"",""("",""call"",""("",""identifier"","")"",""("",""argument_list"",""("",""string"",""("",""string_start"","")"",""("",""string_content"","")"",""("",""interpolation"",""("",""identifier"","")"","")"",""("",""string_end"","")"","")"","")"","")"","")"",""("",""expression_statement"",""("",""assignment"",""("",""identifier"","")"",""("",""list"",""("",""integer"","")"",""("",""integer"","")"",""("",""integer"","")"",""("",""integer"","")"",""("",""integer"","")"","")"","")"","")"",""("",""expression_statement"",""("",""assignment"",""("",""identifier"","")"",""("",""call"",""("",""identifier"","")"",""("",""argument_list"",""("",""identifier"","")"","")"","")"","")"","")"",""("",""expression_statement"",""("",""assignment"",""("",""identifier"","")"",""("",""call"",""("",""identifier"","")"",""("",""argument_list"",""("",""identifier"","")"","")"","")"","")"","")"",""("",""expression_statement"",""("",""assignment"",""("",""identifier"","")"",""("",""binary_operator"",""("",""identifier"","")"",""("",""identifier"","")"","")"","")"","")"",""("",""expression_statement"",""("",""call"",""("",""identifier"","")"",""("",""argument_list"",""("",""string"",""("",""string_start"","")"",""("",""string_content"","")"",""("",""interpolation"",""("",""identifier"","")"","")"",""("",""string_content"","")"",""("",""interpolation"",""("",""identifier"","")"","")"",""("",""string_end"","")"","")"","")"","")"","")"",""("",""comment"","")"",""("",""function_definition"",""("",""identifier"","")"",""("",""parameters"",""("",""identifier"","")"","")"",""("",""block"",""("",""return_statement"",""("",""boolean_operator"",""("",""comparison_operator"",""("",""binary_operator"",""("",""identifier"","")"",""("",""integer"","")"","")"",""("",""integer"","")"","")"",""("",""parenthesized_expression"",""("",""boolean_operator"",""("",""comparison_operator"",""("",""binary_operator"",""("",""identifier"","")"",""("",""integer"","")"","")"",""("",""integer"","")"","")"",""("",""comparison_operator"",""("",""binary_operator"",""("",""identifier"","")"",""("",""integer"","")"","")"",""("",""integer"","")"","")"","")"","")"","")"","")"","")"","")"",""("",""comment"","")"",""("",""expression_statement"",""("",""assignment"",""("",""identifier"","")"",""("",""integer"","")"","")"","")"",""("",""if_statement"",""("",""call"",""("",""identifier"","")"",""("",""argument_list"",""("",""identifier"","")"","")"","")"",""("",""block"",""("",""expression_statement"",""("",""call"",""("",""identifier"","")"",""("",""argument_list"",""("",""string"",""("",""string_start"","")"",""("",""string_content"","")"",""("",""interpolation"",""("",""identifier"","")"","")"",""("",""string_content"","")"",""("",""string_end"","")"","")"","")"","")"","")"","")"",""("",""else_clause"",""("",""block"",""("",""expression_statement"",""("",""call"",""("",""identifier"","")"",""("",""argument_list"",""("",""string"",""("",""string_start"","")"",""("",""string_content"","")"",""("",""interpolation"",""("",""identifier"","")"","")"",""("",""string_content"","")"",""("",""string_end"","")"","")"","")"","")"","")"","")"","")"","")"","")""]","[{""startRow"":0,""startCol"":0,""endRow"":0,""endCol"":0},{""startRow"":0,""startCol"":0,""endRow"":0,""endCol"":0},{""startRow"":0,""startCol"":0,""endRow"":0,""endCol"":0},{""startRow"":0,""startCol"":0,""endRow"":0,""endCol"":0},{""startRow"":0,""startCol"":0,""endRow"":0,""endCol"":7},{""startRow"":0,""startCol"":0,""endRow"":0,""endCol"":7},{""startRow"":0,""startCol"":0,""endRow"":0,""endCol"":2},{""startRow"":0,""startCol"":0,""endRow"":0,""endCol"":2},{""startRow"":0,""startCol"":0,""endRow"":0,""endCol"":2},{""startRow"":0,""startCol"":5,""endRow"":0,""endCol"":7},{""startRow"":0,""startCol"":5,""endRow"":0,""endCol"":7},{""startRow"":0,""startCol"":5,""endRow"":0,""endCol"":7},{""startRow"":0,""startCol"":0,""endRow"":0,""endCol"":7},{""startRow"":0,""startCol"":0,""endRow"":0,""endCol"":0},{""startRow"":1,""startCol"":0,""endRow"":1,""endCol"":0},{""startRow"":1,""startCol"":0,""endRow"":1,""endCol"":0},{""startRow"":1,""startCol"":0,""endRow"":1,""endCol"":8},{""startRow"":1,""startCol"":0,""endRow"":1,""endCol"":8},{""startRow"":1,""startCol"":0,""endRow"":1,""endCol"":2},{""startRow"":1,""startCol"":0,""endRow"":1,""endCol"":2},{""startRow"":1,""startCol"":0,""endRow"":1,""endCol"":2},{""startRow"":1,""startCol"":5,""endRow"":1,""endCol"":8},{""startRow"":1,""startCol"":5,""endRow"":1,""endCol"":8},{""startRow"":1,""startCol"":5,""endRow"":1,""endCol"":8},{""startRow"":1,""startCol"":0,""endRow"":1,""endCol"":8},{""startRow"":1,""startCol"":0,""endRow"":1,""endCol"":0},{""startRow"":3,""startCol"":0,""endRow"":3,""endCol"":0},{""startRow"":3,""startCol"":0,""endRow"":3,""endCol"":0},{""startRow"":3,""startCol"":0,""endRow"":3,""endCol"":10},{""startRow"":3,""startCol"":0,""endRow"":3,""endCol"":10},{""startRow"":3,""startCol"":0,""endRow"":3,""endCol"":7},{""startRow"":3,""startCol"":0,""endRow"":3,""endCol"":7},{""startRow"":3,""startCol"":0,""endRow"":3,""endCol"":7},{""startRow"":3,""startCol"":10,""endRow"":3,""endCol"":13},{""startRow"":3,""startCol"":10,""endRow"":3,""endCol"":13},{""startRow"":3,""startCol"":10,""endRow"":3,""endCol"":13},{""startRow"":3,""startCol"":10,""endRow"":3,""endCol"":13},{""startRow"":3,""startCol"":10,""endRow"":3,""endCol"":13},{""startRow"":3,""startCol"":13,""endRow"":3,""endCol"":21},{""startRow"":3,""startCol"":13,""endRow"":3,""endCol"":21},{""startRow"":3,""startCol"":14,""endRow"":3,""endCol"":16},{""startRow"":3,""startCol"":14,""endRow"":3,""endCol"":16},{""startRow"":3,""startCol"":14,""endRow"":3,""endCol"":16},{""startRow"":3,""startCol"":18,""endRow"":3,""endCol"":20},{""startRow"":3,""startCol"":18,""endRow"":3,""endCol"":20},{""startRow"":3,""startCol"":18,""endRow"":3,""endCol"":20},{""startRow"":3,""startCol"":13,""endRow"":3,""endCol"":21},{""startRow"":3,""startCol"":10,""endRow"":3,""endCol"":13},{""startRow"":3,""startCol"":0,""endRow"":3,""endCol"":10},{""startRow"":3,""startCol"":0,""endRow"":3,""endCol"":0},{""startRow"":5,""startCol"":0,""endRow"":5,""endCol"":0},{""startRow"":5,""startCol"":0,""endRow"":5,""endCol"":0},{""startRow"":5,""startCol"":0,""endRow"":5,""endCol"":5},{""startRow"":5,""startCol"":0,""endRow"":5,""endCol"":5},{""startRow"":5,""startCol"":0,""endRow"":5,""endCol"":5},{""startRow"":5,""startCol"":0,""endRow"":5,""endCol"":5},{""startRow"":5,""startCol"":0,""endRow"":5,""endCol"":5},{""startRow"":5,""startCol"":5,""endRow"":5,""endCol"":6},{""startRow"":5,""startCol"":5,""endRow"":5,""endCol"":6},{""startRow"":5,""startCol"":6,""endRow"":5,""endCol"":30},{""startRow"":5,""startCol"":6,""endRow"":5,""endCol"":30},{""startRow"":5,""startCol"":6,""endRow"":5,""endCol"":8},{""startRow"":5,""startCol"":6,""endRow"":5,""endCol"":8},{""startRow"":5,""startCol"":6,""endRow"":5,""endCol"":8},{""startRow"":5,""startCol"":8,""endRow"":5,""endCol"":30},{""startRow"":5,""startCol"":8,""endRow"":5,""endCol"":30},{""startRow"":5,""startCol"":8,""endRow"":5,""endCol"":30},{""startRow"":5,""startCol"":30,""endRow"":5,""endCol"":39},{""startRow"":5,""startCol"":30,""endRow"":5,""endCol"":39},{""startRow"":5,""startCol"":31,""endRow"":5,""endCol"":38},{""startRow"":5,""startCol"":31,""endRow"":5,""endCol"":38},{""startRow"":5,""startCol"":31,""endRow"":5,""endCol"":38},{""startRow"":5,""startCol"":30,""endRow"":5,""endCol"":39},{""startRow"":5,""startCol"":39,""endRow"":5,""endCol"":40},{""startRow"":5,""startCol"":39,""endRow"":5,""endCol"":40},{""startRow"":5,""startCol"":39,""endRow"":5,""endCol"":40},{""startRow"":5,""startCol"":6,""endRow"":5,""endCol"":30},{""startRow"":5,""startCol"":5,""endRow"":5,""endCol"":6},{""startRow"":5,""startCol"":0,""endRow"":5,""endCol"":5},{""startRow"":5,""startCol"":0,""endRow"":5,""endCol"":0},{""startRow"":7,""startCol"":0,""endRow"":7,""endCol"":0},{""startRow"":7,""startCol"":0,""endRow"":7,""endCol"":0},{""startRow"":7,""startCol"":0,""endRow"":7,""endCol"":7},{""startRow"":7,""startCol"":0,""endRow"":7,""endCol"":7},{""startRow"":7,""startCol"":0,""endRow"":7,""endCol"":4},{""startRow"":7,""startCol"":0,""endRow"":7,""endCol"":4},{""startRow"":7,""startCol"":0,""endRow"":7,""endCol"":4},{""startRow"":7,""startCol"":7,""endRow"":7,""endCol"":22},{""startRow"":7,""startCol"":7,""endRow"":7,""endCol"":22},{""startRow"":7,""startCol"":8,""endRow"":7,""endCol"":9},{""startRow"":7,""startCol"":8,""endRow"":7,""endCol"":9},{""startRow"":7,""startCol"":8,""endRow"":7,""endCol"":9},{""startRow"":7,""startCol"":11,""endRow"":7,""endCol"":12},{""startRow"":7,""startCol"":11,""endRow"":7,""endCol"":12},{""startRow"":7,""startCol"":11,""endRow"":7,""endCol"":12},{""startRow"":7,""startCol"":14,""endRow"":7,""endCol"":15},{""startRow"":7,""startCol"":14,""endRow"":7,""endCol"":15},{""startRow"":7,""startCol"":14,""endRow"":7,""endCol"":15},{""startRow"":7,""startCol"":17,""endRow"":7,""endCol"":18},{""startRow"":7,""startCol"":17,""endRow"":7,""endCol"":18},{""startRow"":7,""startCol"":17,""endRow"":7,""endCol"":18},{""startRow"":7,""startCol"":20,""endRow"":7,""endCol"":21},{""startRow"":7,""startCol"":20,""endRow"":7,""endCol"":21},{""startRow"":7,""startCol"":20,""endRow"":7,""endCol"":21},{""startRow"":7,""startCol"":7,""endRow"":7,""endCol"":22},{""startRow"":7,""startCol"":0,""endRow"":7,""endCol"":7},{""startRow"":7,""startCol"":0,""endRow"":7,""endCol"":0},{""startRow"":9,""startCol"":0,""endRow"":9,""endCol"":0},{""startRow"":9,""startCol"":0,""endRow"":9,""endCol"":0},{""startRow"":9,""startCol"":0,""endRow"":9,""endCol"":8},{""startRow"":9,""startCol"":0,""endRow"":9,""endCol"":8},{""startRow"":9,""startCol"":0,""endRow"":9,""endCol"":5},{""startRow"":9,""startCol"":0,""endRow"":9,""endCol"":5},{""startRow"":9,""startCol"":0,""endRow"":9,""endCol"":5},{""startRow"":9,""startCol"":8,""endRow"":9,""endCol"":11},{""startRow"":9,""startCol"":8,""endRow"":9,""endCol"":11},{""startRow"":9,""startCol"":8,""endRow"":9,""endCol"":11},{""startRow"":9,""startCol"":8,""endRow"":9,""endCol"":11},{""startRow"":9,""startCol"":8,""endRow"":9,""endCol"":11},{""startRow"":9,""startCol"":11,""endRow"":9,""endCol"":17},{""startRow"":9,""startCol"":11,""endRow"":9,""endCol"":17},{""startRow"":9,""startCol"":12,""endRow"":9,""endCol"":16},{""startRow"":9,""startCol"":12,""endRow"":9,""endCol"":16},{""startRow"":9,""startCol"":12,""endRow"":9,""endCol"":16},{""startRow"":9,""startCol"":11,""endRow"":9,""endCol"":17},{""startRow"":9,""startCol"":8,""endRow"":9,""endCol"":11},{""startRow"":9,""startCol"":0,""endRow"":9,""endCol"":8},{""startRow"":9,""startCol"":0,""endRow"":9,""endCol"":0},{""startRow"":10,""startCol"":0,""endRow"":10,""endCol"":0},{""startRow"":10,""startCol"":0,""endRow"":10,""endCol"":0},{""startRow"":10,""startCol"":0,""endRow"":10,""endCol"":9},{""startRow"":10,""startCol"":0,""endRow"":10,""endCol"":9},{""startRow"":10,""startCol"":0,""endRow"":10,""endCol"":6},{""startRow"":10,""startCol"":0,""endRow"":10,""endCol"":6},{""startRow"":10,""startCol"":0,""endRow"":10,""endCol"":6},{""startRow"":10,""startCol"":9,""endRow"":10,""endCol"":12},{""startRow"":10,""startCol"":9,""endRow"":10,""endCol"":12},{""startRow"":10,""startCol"":9,""endRow"":10,""endCol"":12},{""startRow"":10,""startCol"":9,""endRow"":10,""endCol"":12},{""startRow"":10,""startCol"":9,""endRow"":10,""endCol"":12},{""startRow"":10,""startCol"":12,""endRow"":10,""endCol"":18},{""startRow"":10,""startCol"":12,""endRow"":10,""endCol"":18},{""startRow"":10,""startCol"":13,""endRow"":10,""endCol"":17},{""startRow"":10,""startCol"":13,""endRow"":10,""endCol"":17},{""startRow"":10,""startCol"":13,""endRow"":10,""endCol"":17},{""startRow"":10,""startCol"":12,""endRow"":10,""endCol"":18},{""startRow"":10,""startCol"":9,""endRow"":10,""endCol"":12},{""startRow"":10,""startCol"":0,""endRow"":10,""endCol"":9},{""startRow"":10,""startCol"":0,""endRow"":10,""endCol"":0},{""startRow"":12,""startCol"":0,""endRow"":12,""endCol"":0},{""startRow"":12,""startCol"":0,""endRow"":12,""endCol"":0},{""startRow"":12,""startCol"":0,""endRow"":12,""endCol"":10},{""startRow"":12,""startCol"":0,""endRow"":12,""endCol"":10},{""startRow"":12,""startCol"":0,""endRow"":12,""endCol"":7},{""startRow"":12,""startCol"":0,""endRow"":12,""endCol"":7},{""startRow"":12,""startCol"":0,""endRow"":12,""endCol"":7},{""startRow"":12,""startCol"":10,""endRow"":12,""endCol"":24},{""startRow"":12,""startCol"":10,""endRow"":12,""endCol"":24},{""startRow"":12,""startCol"":10,""endRow"":12,""endCol"":15},{""startRow"":12,""startCol"":10,""endRow"":12,""endCol"":15},{""startRow"":12,""startCol"":10,""endRow"":12,""endCol"":15},{""startRow"":12,""startCol"":18,""endRow"":12,""endCol"":24},{""startRow"":12,""startCol"":18,""endRow"":12,""endCol"":24},{""startRow"":12,""startCol"":18,""endRow"":12,""endCol"":24},{""startRow"":12,""startCol"":10,""endRow"":12,""endCol"":24},{""startRow"":12,""startCol"":0,""endRow"":12,""endCol"":10},{""startRow"":12,""startCol"":0,""endRow"":12,""endCol"":0},{""startRow"":14,""startCol"":0,""endRow"":14,""endCol"":0},{""startRow"":14,""startCol"":0,""endRow"":14,""endCol"":0},{""startRow"":14,""startCol"":0,""endRow"":14,""endCol"":5},{""startRow"":14,""startCol"":0,""endRow"":14,""endCol"":5},{""startRow"":14,""startCol"":0,""endRow"":14,""endCol"":5},{""startRow"":14,""startCol"":0,""endRow"":14,""endCol"":5},{""startRow"":14,""startCol"":0,""endRow"":14,""endCol"":5},{""startRow"":14,""startCol"":5,""endRow"":14,""endCol"":6},{""startRow"":14,""startCol"":5,""endRow"":14,""endCol"":6},{""startRow"":14,""startCol"":6,""endRow"":14,""endCol"":23},{""startRow"":14,""startCol"":6,""endRow"":14,""endCol"":23},{""startRow"":14,""startCol"":6,""endRow"":14,""endCol"":8},{""startRow"":14,""startCol"":6,""endRow"":14,""endCol"":8},{""startRow"":14,""startCol"":6,""endRow"":14,""endCol"":8},{""startRow"":14,""startCol"":8,""endRow"":14,""endCol"":23},{""startRow"":14,""startCol"":8,""endRow"":14,""endCol"":23},{""startRow"":14,""startCol"":8,""endRow"":14,""endCol"":23},{""startRow"":14,""startCol"":23,""endRow"":14,""endCol"":29},{""startRow"":14,""startCol"":23,""endRow"":14,""endCol"":29},{""startRow"":14,""startCol"":24,""endRow"":14,""endCol"":28},{""startRow"":14,""startCol"":24,""endRow"":14,""endCol"":28},{""startRow"":14,""startCol"":24,""endRow"":14,""endCol"":28},{""startRow"":14,""startCol"":23,""endRow"":14,""endCol"":29},{""startRow"":14,""startCol"":29,""endRow"":14,""endCol"":33},{""startRow"":14,""startCol"":29,""endRow"":14,""endCol"":33},{""startRow"":14,""startCol"":29,""endRow"":14,""endCol"":33},{""startRow"":14,""startCol"":33,""endRow"":14,""endCol"":42},{""startRow"":14,""startCol"":33,""endRow"":14,""endCol"":42},{""startRow"":14,""startCol"":34,""endRow"":14,""endCol"":41},{""startRow"":14,""startCol"":34,""endRow"":14,""endCol"":41},{""startRow"":14,""startCol"":34,""endRow"":14,""endCol"":41},{""startRow"":14,""startCol"":33,""endRow"":14,""endCol"":42},{""startRow"":14,""startCol"":42,""endRow"":14,""endCol"":43},{""startRow"":14,""startCol"":42,""endRow"":14,""endCol"":43},{""startRow"":14,""startCol"":42,""endRow"":14,""endCol"":43},{""startRow"":14,""startCol"":6,""endRow"":14,""endCol"":23},{""startRow"":14,""startCol"":5,""endRow"":14,""endCol"":6},{""startRow"":14,""startCol"":0,""endRow"":14,""endCol"":5},{""startRow"":14,""startCol"":0,""endRow"":14,""endCol"":0},{""startRow"":17,""startCol"":0,""endRow"":17,""endCol"":50},{""startRow"":17,""startCol"":0,""endRow"":17,""endCol"":50},{""startRow"":17,""startCol"":0,""endRow"":17,""endCol"":50},{""startRow"":18,""startCol"":0,""endRow"":18,""endCol"":11},{""startRow"":18,""startCol"":0,""endRow"":18,""endCol"":11},{""startRow"":18,""startCol"":4,""endRow"":18,""endCol"":11},{""startRow"":18,""startCol"":4,""endRow"":18,""endCol"":11},{""startRow"":18,""startCol"":4,""endRow"":18,""endCol"":11},{""startRow"":18,""startCol"":11,""endRow"":18,""endCol"":17},{""startRow"":18,""startCol"":11,""endRow"":18,""endCol"":17},{""startRow"":18,""startCol"":12,""endRow"":18,""endCol"":16},{""startRow"":18,""startCol"":12,""endRow"":18,""endCol"":16},{""startRow"":18,""startCol"":12,""endRow"":18,""endCol"":16},{""startRow"":18,""startCol"":11,""endRow"":18,""endCol"":17},{""startRow"":19,""startCol"":4,""endRow"":19,""endCol"":4},{""startRow"":19,""startCol"":4,""endRow"":19,""endCol"":4},{""startRow"":19,""startCol"":4,""endRow"":19,""endCol"":11},{""startRow"":19,""startCol"":4,""endRow"":19,""endCol"":11},{""startRow"":19,""startCol"":11,""endRow"":19,""endCol"":11},{""startRow"":19,""startCol"":11,""endRow"":19,""endCol"":11},{""startRow"":19,""startCol"":11,""endRow"":19,""endCol"":11},{""startRow"":19,""startCol"":11,""endRow"":19,""endCol"":11},{""startRow"":19,""startCol"":11,""endRow"":19,""endCol"":19},{""startRow"":19,""startCol"":11,""endRow"":19,""endCol"":19},{""startRow"":19,""startCol"":11,""endRow"":19,""endCol"":15},{""startRow"":19,""startCol"":11,""endRow"":19,""endCol"":15},{""startRow"":19,""startCol"":11,""endRow"":19,""endCol"":15},{""startRow"":19,""startCol"":18,""endRow"":19,""endCol"":19},{""startRow"":19,""startCol"":18,""endRow"":19,""endCol"":19},{""startRow"":19,""startCol"":18,""endRow"":19,""endCol"":19},{""startRow"":19,""startCol"":11,""endRow"":19,""endCol"":19},{""startRow"":19,""startCol"":23,""endRow"":19,""endCol"":24},{""startRow"":19,""startCol"":23,""endRow"":19,""endCol"":24},{""startRow"":19,""startCol"":23,""endRow"":19,""endCol"":24},{""startRow"":19,""startCol"":11,""endRow"":19,""endCol"":11},{""startRow"":19,""startCol"":29,""endRow"":19,""endCol"":30},{""startRow"":19,""startCol"":29,""endRow"":19,""endCol"":30},{""startRow"":19,""startCol"":30,""endRow"":19,""endCol"":30},{""startRow"":19,""startCol"":30,""endRow"":19,""endCol"":30},{""startRow"":19,""startCol"":30,""endRow"":19,""endCol"":30},{""startRow"":19,""startCol"":30,""endRow"":19,""endCol"":30},{""startRow"":19,""startCol"":30,""endRow"":19,""endCol"":40},{""startRow"":19,""startCol"":30,""endRow"":19,""endCol"":40},{""startRow"":19,""startCol"":30,""endRow"":19,""endCol"":34},{""startRow"":19,""startCol"":30,""endRow"":19,""endCol"":34},{""startRow"":19,""startCol"":30,""endRow"":19,""endCol"":34},{""startRow"":19,""startCol"":37,""endRow"":19,""endCol"":40},{""startRow"":19,""startCol"":37,""endRow"":19,""endCol"":40},{""startRow"":19,""startCol"":37,""endRow"":19,""endCol"":40},{""startRow"":19,""startCol"":30,""endRow"":19,""endCol"":40},{""startRow"":19,""startCol"":44,""endRow"":19,""endCol"":45},{""startRow"":19,""startCol"":44,""endRow"":19,""endCol"":45},{""startRow"":19,""startCol"":44,""endRow"":19,""endCol"":45},{""startRow"":19,""startCol"":30,""endRow"":19,""endCol"":30},{""startRow"":19,""startCol"":49,""endRow"":19,""endCol"":49},{""startRow"":19,""startCol"":49,""endRow"":19,""endCol"":49},{""startRow"":19,""startCol"":49,""endRow"":19,""endCol"":59},{""startRow"":19,""startCol"":49,""endRow"":19,""endCol"":59},{""startRow"":19,""startCol"":49,""endRow"":19,""endCol"":53},{""startRow"":19,""startCol"":49,""endRow"":19,""endCol"":53},{""startRow"":19,""startCol"":49,""endRow"":19,""endCol"":53},{""startRow"":19,""startCol"":56,""endRow"":19,""endCol"":59},{""startRow"":19,""startCol"":56,""endRow"":19,""endCol"":59},{""startRow"":19,""startCol"":56,""endRow"":19,""endCol"":59},{""startRow"":19,""startCol"":49,""endRow"":19,""endCol"":59},{""startRow"":19,""startCol"":63,""endRow"":19,""endCol"":64},{""startRow"":19,""startCol"":63,""endRow"":19,""endCol"":64},{""startRow"":19,""startCol"":63,""endRow"":19,""endCol"":64},{""startRow"":19,""startCol"":49,""endRow"":19,""endCol"":49},{""startRow"":19,""startCol"":30,""endRow"":19,""endCol"":30},{""startRow"":19,""startCol"":29,""endRow"":19,""endCol"":30},{""startRow"":19,""startCol"":11,""endRow"":19,""endCol"":11},{""startRow"":19,""startCol"":4,""endRow"":19,""endCol"":11},{""startRow"":19,""startCol"":4,""endRow"":19,""endCol"":4},{""startRow"":18,""startCol"":0,""endRow"":18,""endCol"":11},{""startRow"":22,""startCol"":0,""endRow"":22,""endCol"":10},{""startRow"":22,""startCol"":0,""endRow"":22,""endCol"":10},{""startRow"":22,""startCol"":0,""endRow"":22,""endCol"":10},{""startRow"":23,""startCol"":0,""endRow"":23,""endCol"":0},{""startRow"":23,""startCol"":0,""endRow"":23,""endCol"":0},{""startRow"":23,""startCol"":0,""endRow"":23,""endCol"":11},{""startRow"":23,""startCol"":0,""endRow"":23,""endCol"":11},{""startRow"":23,""startCol"":0,""endRow"":23,""endCol"":4},{""startRow"":23,""startCol"":0,""endRow"":23,""endCol"":4},{""startRow"":23,""startCol"":0,""endRow"":23,""endCol"":4},{""startRow"":23,""startCol"":7,""endRow"":23,""endCol"":11},{""startRow"":23,""startCol"":7,""endRow"":23,""endCol"":11},{""startRow"":23,""startCol"":7,""endRow"":23,""endCol"":11},{""startRow"":23,""startCol"":0,""endRow"":23,""endCol"":11},{""startRow"":23,""startCol"":0,""endRow"":23,""endCol"":0},{""startRow"":25,""startCol"":0,""endRow"":25,""endCol"":3},{""startRow"":25,""startCol"":0,""endRow"":25,""endCol"":3},{""startRow"":25,""startCol"":3,""endRow"":25,""endCol"":10},{""startRow"":25,""startCol"":3,""endRow"":25,""endCol"":10},{""startRow"":25,""startCol"":3,""endRow"":25,""endCol"":10},{""startRow"":25,""startCol"":3,""endRow"":25,""endCol"":10},{""startRow"":25,""startCol"":3,""endRow"":25,""endCol"":10},{""startRow"":25,""startCol"":10,""endRow"":25,""endCol"":16},{""startRow"":25,""startCol"":10,""endRow"":25,""endCol"":16},{""startRow"":25,""startCol"":11,""endRow"":25,""endCol"":15},{""startRow"":25,""startCol"":11,""endRow"":25,""endCol"":15},{""startRow"":25,""startCol"":11,""endRow"":25,""endCol"":15},{""startRow"":25,""startCol"":10,""endRow"":25,""endCol"":16},{""startRow"":25,""startCol"":3,""endRow"":25,""endCol"":10},{""startRow"":26,""startCol"":4,""endRow"":26,""endCol"":4},{""startRow"":26,""startCol"":4,""endRow"":26,""endCol"":4},{""startRow"":26,""startCol"":4,""endRow"":26,""endCol"":4},{""startRow"":26,""startCol"":4,""endRow"":26,""endCol"":4},{""startRow"":26,""startCol"":4,""endRow"":26,""endCol"":9},{""startRow"":26,""startCol"":4,""endRow"":26,""endCol"":9},{""startRow"":26,""startCol"":4,""endRow"":26,""endCol"":9},{""startRow"":26,""startCol"":4,""endRow"":26,""endCol"":9},{""startRow"":26,""startCol"":4,""endRow"":26,""endCol"":9},{""startRow"":26,""startCol"":9,""endRow"":26,""endCol"":10},{""startRow"":26,""startCol"":9,""endRow"":26,""endCol"":10},{""startRow"":26,""startCol"":10,""endRow"":26,""endCol"":21},{""startRow"":26,""startCol"":10,""endRow"":26,""endCol"":21},{""startRow"":26,""startCol"":10,""endRow"":26,""endCol"":12},{""startRow"":26,""startCol"":10,""endRow"":26,""endCol"":12},{""startRow"":26,""startCol"":10,""endRow"":26,""endCol"":12},{""startRow"":26,""startCol"":12,""endRow"":26,""endCol"":21},{""startRow"":26,""startCol"":12,""endRow"":26,""endCol"":21},{""startRow"":26,""startCol"":12,""endRow"":26,""endCol"":21},{""startRow"":26,""startCol"":21,""endRow"":26,""endCol"":27},{""startRow"":26,""startCol"":21,""endRow"":26,""endCol"":27},{""startRow"":26,""startCol"":22,""endRow"":26,""endCol"":26},{""startRow"":26,""startCol"":22,""endRow"":26,""endCol"":26},{""startRow"":26,""startCol"":22,""endRow"":26,""endCol"":26},{""startRow"":26,""startCol"":21,""endRow"":26,""endCol"":27},{""startRow"":26,""startCol"":27,""endRow"":26,""endCol"":42},{""startRow"":26,""startCol"":27,""endRow"":26,""endCol"":42},{""startRow"":26,""startCol"":27,""endRow"":26,""endCol"":42},{""startRow"":26,""startCol"":42,""endRow"":26,""endCol"":43},{""startRow"":26,""startCol"":42,""endRow"":26,""endCol"":43},{""startRow"":26,""startCol"":42,""endRow"":26,""endCol"":43},{""startRow"":26,""startCol"":10,""endRow"":26,""endCol"":21},{""startRow"":26,""startCol"":9,""endRow"":26,""endCol"":10},{""startRow"":26,""startCol"":4,""endRow"":26,""endCol"":9},{""startRow"":26,""startCol"":4,""endRow"":26,""endCol"":4},{""startRow"":26,""startCol"":4,""endRow"":26,""endCol"":4},{""startRow"":27,""startCol"":0,""endRow"":28,""endCol"":4},{""startRow"":27,""startCol"":0,""endRow"":28,""endCol"":4},{""startRow"":28,""startCol"":4,""endRow"":28,""endCol"":4},{""startRow"":28,""startCol"":4,""endRow"":28,""endCol"":4},{""startRow"":28,""startCol"":4,""endRow"":28,""endCol"":4},{""startRow"":28,""startCol"":4,""endRow"":28,""endCol"":4},{""startRow"":28,""startCol"":4,""endRow"":28,""endCol"":9},{""startRow"":28,""startCol"":4,""endRow"":28,""endCol"":9},{""startRow"":28,""startCol"":4,""endRow"":28,""endCol"":9},{""startRow"":28,""startCol"":4,""endRow"":28,""endCol"":9},{""startRow"":28,""startCol"":4,""endRow"":28,""endCol"":9},{""startRow"":28,""startCol"":9,""endRow"":28,""endCol"":10},{""startRow"":28,""startCol"":9,""endRow"":28,""endCol"":10},{""startRow"":28,""startCol"":10,""endRow"":28,""endCol"":21},{""startRow"":28,""startCol"":10,""endRow"":28,""endCol"":21},{""startRow"":28,""startCol"":10,""endRow"":28,""endCol"":12},{""startRow"":28,""startCol"":10,""endRow"":28,""endCol"":12},{""startRow"":28,""startCol"":10,""endRow"":28,""endCol"":12},{""startRow"":28,""startCol"":12,""endRow"":28,""endCol"":21},{""startRow"":28,""startCol"":12,""endRow"":28,""endCol"":21},{""startRow"":28,""startCol"":12,""endRow"":28,""endCol"":21},{""startRow"":28,""startCol"":21,""endRow"":28,""endCol"":27},{""startRow"":28,""startCol"":21,""endRow"":28,""endCol"":27},{""startRow"":28,""startCol"":22,""endRow"":28,""endCol"":26},{""startRow"":28,""startCol"":22,""endRow"":28,""endCol"":26},{""startRow"":28,""startCol"":22,""endRow"":28,""endCol"":26},{""startRow"":28,""startCol"":21,""endRow"":28,""endCol"":27},{""startRow"":28,""startCol"":27,""endRow"":28,""endCol"":46},{""startRow"":28,""startCol"":27,""endRow"":28,""endCol"":46},{""startRow"":28,""startCol"":27,""endRow"":28,""endCol"":46},{""startRow"":28,""startCol"":46,""endRow"":28,""endCol"":47},{""startRow"":28,""startCol"":46,""endRow"":28,""endCol"":47},{""startRow"":28,""startCol"":46,""endRow"":28,""endCol"":47},{""startRow"":28,""startCol"":10,""endRow"":28,""endCol"":21},{""startRow"":28,""startCol"":9,""endRow"":28,""endCol"":10},{""startRow"":28,""startCol"":4,""endRow"":28,""endCol"":9},{""startRow"":28,""startCol"":4,""endRow"":28,""endCol"":4},{""startRow"":28,""startCol"":4,""endRow"":28,""endCol"":4},{""startRow"":27,""startCol"":0,""endRow"":28,""endCol"":4},{""startRow"":25,""startCol"":0,""endRow"":25,""endCol"":3},{""startRow"":0,""startCol"":0,""endRow"":0,""endCol"":0}]",
